GRAND_ID,fish_per_GWH,fish_rank,fish_cumsum
5921,12.99387143,448,169.5064829
5077,16.06804,449,185.5745229
5857,18.42168,450,203.9962029
4451,29.05986736,451,233.0560703
1701,85.7842,452,318.8402703