GRAND_ID,CO2_per_GWH,CO2_rank,CO2_cumsum
4451,285.3308937,444,5695.278678
1690,342.5237295,445,6037.802407
1725,396.681722,446,6434.484129
3387,417.6414379,447,6852.125567
5077,481.1565504,448,7333.282118
1692,501.0266647,449,7834.308782
6077,565.7064284,450,8400.015211
3340,660.0301778,451,9060.045389
1701,1794.433516,452,10854.4789